application_id;application_date;source
7308;04.03.2023;B2B
7309;04.03.2023;B2B
7310;04.03.2023;B2B
7311;04.03.2023;B2B
7312;04.03.2023;B2B
7313;04.03.2023;B2B
7314;04.03.2023;B2B
7315;04.03.2023;SITE
7316;04.03.2023;SITE
7317;04.03.2023;B2B
7318;04.03.2023;B2B
7319;04.03.2023;B2B
7320;04.03.2023;B2B
7321;04.03.2023;B2B
7322;04.03.2023;SITE
7323;04.03.2023;B2B
7324;04.03.2023;B2B
7325;04.03.2023;SITE
7326;04.03.2023;B2B
7327;04.03.2023;B2B
7328;04.03.2023;B2B
7329;04.03.2023;B2B
7330;04.03.2023;B2B
7331;04.03.2023;SITE
7332;04.03.2023;SITE
7333;04.03.2023;B2B
7334;04.03.2023;B2B
7335;04.03.2023;SITE
7336;04.03.2023;B2B
7337;04.03.2023;B2B
7338;04.03.2023;B2B
7339;04.03.2023;B2B
7340;04.03.2023;B2B
7341;04.03.2023;B2B
7342;04.03.2023;B2B
7343;04.03.2023;SITE
7344;04.03.2023;B2B
7345;04.03.2023;SITE
7346;04.03.2023;B2B
7347;04.03.2023;B2B
7348;04.03.2023;B2B
7349;04.03.2023;B2B
7350;04.03.2023;SITE
7351;04.03.2023;B2B
7352;04.03.2023;B2B
7353;04.03.2023;B2B
7354;04.03.2023;B2B
7355;04.03.2023;B2B
7356;04.03.2023;B2B
7357;04.03.2023;SITE
7358;04.03.2023;B2B
7359;04.03.2023;B2B
7360;04.03.2023;B2B
7361;04.03.2023;B2B
7362;04.03.2023;B2B
7363;04.03.2023;SITE
7364;04.03.2023;B2B
7365;04.03.2023;B2B
7366;04.03.2023;B2B
7367;04.03.2023;B2B
7368;04.03.2023;B2B
7369;04.03.2023;B2B
7370;04.03.2023;B2B
7371;04.03.2023;B2B
7372;04.03.2023;B2B
7373;04.03.2023;B2B
7374;04.03.2023;SITE
7375;04.03.2023;B2B
7376;04.03.2023;SITE
7377;04.03.2023;B2B
7378;04.03.2023;B2B
7379;04.03.2023;B2B
7380;04.03.2023;SITE
7381;04.03.2023;B2B
7382;04.03.2023;B2B
7383;04.03.2023;SITE
7384;04.03.2023;B2B
7385;04.03.2023;B2B
7386;04.03.2023;B2B
7387;04.03.2023;SITE
7388;04.03.2023;B2B
7389;04.03.2023;B2B
7390;04.03.2023;B2B
7391;04.03.2023;B2B
7392;04.03.2023;B2B
7393;04.03.2023;B2B
7394;04.03.2023;B2B
7395;04.03.2023;B2B
7396;04.03.2023;SITE
7397;04.03.2023;SITE
7398;04.03.2023;B2B
7399;04.03.2023;B2B
7400;04.03.2023;B2B
7401;04.03.2023;B2B
7402;04.03.2023;B2B
7403;04.03.2023;SITE
7404;04.03.2023;B2B
7405;04.03.2023;B2B
7406;04.03.2023;B2B
7407;04.03.2023;B2B
7408;04.03.2023;B2B
7409;04.03.2023;B2B
7410;04.03.2023;SITE
7411;04.03.2023;B2B
7412;04.03.2023;B2B
7413;04.03.2023;B2B
7414;04.03.2023;B2B
7415;04.03.2023;B2B
7416;04.03.2023;B2B
7417;04.03.2023;B2B
7418;04.03.2023;SITE
7419;04.03.2023;B2B
7420;04.03.2023;B2B
7421;04.03.2023;B2B
7422;04.03.2023;SITE
7423;04.03.2023;B2B
7424;04.03.2023;B2B
7425;04.03.2023;B2B
7426;04.03.2023;B2B
7427;04.03.2023;B2B
7428;04.03.2023;B2B
7429;04.03.2023;B2B
7430;04.03.2023;B2B
7431;04.03.2023;B2B
7432;04.03.2023;SITE
7433;04.03.2023;B2B
7434;04.03.2023;B2B
7435;04.03.2023;SITE
7436;04.03.2023;B2B
7437;04.03.2023;SITE
7438;04.03.2023;SITE
7439;04.03.2023;B2B
7440;04.03.2023;B2B
7441;04.03.2023;B2B
7442;04.03.2023;SITE
7443;04.03.2023;B2B
7444;04.03.2023;B2B
7445;04.03.2023;B2B
7446;04.03.2023;B2B
7447;04.03.2023;B2B
7448;04.03.2023;B2B
7449;04.03.2023;B2B
7450;04.03.2023;B2B
7451;04.03.2023;B2B
7452;04.03.2023;B2B
7453;04.03.2023;B2B
7454;04.03.2023;SITE
7455;04.03.2023;SITE
7456;04.03.2023;B2B
7457;04.03.2023;B2B
7458;04.03.2023;B2B
7459;04.03.2023;B2B
7460;04.03.2023;B2B
7461;04.03.2023;B2B
7462;04.03.2023;B2B
7463;04.03.2023;B2B
7464;04.03.2023;B2B
7465;04.03.2023;B2B
7466;04.03.2023;B2B
7467;04.03.2023;B2B
7468;04.03.2023;B2B
7469;04.03.2023;B2B
7470;04.03.2023;B2B
7471;04.03.2023;B2B
7472;04.03.2023;B2B
7473;04.03.2023;B2B
7474;04.03.2023;B2B
7475;04.03.2023;B2B
7476;04.03.2023;SITE
7477;04.03.2023;B2B
7478;04.03.2023;B2B
7479;04.03.2023;SITE
7480;04.03.2023;B2B
7481;04.03.2023;B2B
7482;04.03.2023;B2B
7483;04.03.2023;B2B
7484;04.03.2023;B2B
7485;04.03.2023;B2B
7486;04.03.2023;B2B
7487;04.03.2023;B2B
7488;04.03.2023;B2B
7489;04.03.2023;B2B
7490;04.03.2023;B2B
7491;04.03.2023;B2B
7492;04.03.2023;B2B
7493;04.03.2023;B2B
7494;04.03.2023;B2B
7495;04.03.2023;SITE
7496;04.03.2023;B2B
7497;04.03.2023;B2B
7498;04.03.2023;B2B
7499;04.03.2023;SITE
7500;04.03.2023;B2B
7501;04.03.2023;B2B
7502;04.03.2023;B2B
7503;04.03.2023;SITE
7504;04.03.2023;SITE
7505;04.03.2023;B2B
7506;04.03.2023;B2B
7507;04.03.2023;B2B
7508;04.03.2023;SITE
7509;04.03.2023;B2B
7510;04.03.2023;SITE
7511;04.03.2023;B2B
7512;04.03.2023;B2B
7513;04.03.2023;SITE
7514;04.03.2023;B2B
7515;04.03.2023;B2B
7516;04.03.2023;B2B
7517;04.03.2023;B2B
7518;04.03.2023;SITE
7519;04.03.2023;B2B
7520;04.03.2023;B2B
7521;04.03.2023;SITE
7522;04.03.2023;B2B
7523;04.03.2023;B2B
7524;04.03.2023;B2B
7525;04.03.2023;B2B
7526;04.03.2023;B2B
7527;04.03.2023;B2B
7528;04.03.2023;B2B
7529;04.03.2023;B2B
7530;04.03.2023;B2B
7531;04.03.2023;B2B
7532;04.03.2023;B2B
7533;04.03.2023;B2B
7534;04.03.2023;B2B
7535;04.03.2023;B2B
7536;04.03.2023;B2B
7537;04.03.2023;B2B
7538;04.03.2023;B2B
7539;04.03.2023;B2B
7540;04.03.2023;B2B
7541;04.03.2023;B2B
7542;04.03.2023;B2B
7543;04.03.2023;B2B
7544;04.03.2023;SITE
7545;04.03.2023;B2B
7546;04.03.2023;B2B
7547;04.03.2023;B2B
7548;04.03.2023;B2B
7549;04.03.2023;B2B
7550;04.03.2023;SITE
7551;04.03.2023;B2B
7552;04.03.2023;B2B
7553;04.03.2023;B2B
7554;04.03.2023;B2B
7555;04.03.2023;B2B
7556;04.03.2023;B2B
7557;04.03.2023;SITE
7558;04.03.2023;B2B
7559;04.03.2023;B2B
7560;04.03.2023;B2B
7561;04.03.2023;B2B
7562;04.03.2023;B2B
7563;04.03.2023;SITE
7564;04.03.2023;B2B
7565;04.03.2023;B2B
7566;04.03.2023;B2B
7567;04.03.2023;B2B
7568;04.03.2023;B2B
7569;04.03.2023;B2B
7570;04.03.2023;B2B
7571;04.03.2023;B2B
7572;04.03.2023;SITE
7573;04.03.2023;B2B
7574;04.03.2023;SITE
7575;04.03.2023;B2B
7576;04.03.2023;B2B
7577;04.03.2023;B2B
7578;04.03.2023;B2B
7579;04.03.2023;B2B
7580;04.03.2023;B2B
7581;04.03.2023;B2B
7582;04.03.2023;B2B
7583;04.03.2023;B2B
7584;04.03.2023;SITE
7585;04.03.2023;B2B
7586;04.03.2023;B2B
7587;04.03.2023;SITE
7588;04.03.2023;SITE
7589;04.03.2023;B2B
7590;04.03.2023;B2B
7591;04.03.2023;B2B
7592;04.03.2023;B2B
7593;04.03.2023;SITE
7594;04.03.2023;B2B
7595;04.03.2023;SITE
7596;04.03.2023;B2B
7597;04.03.2023;B2B
7598;04.03.2023;B2B
7599;04.03.2023;B2B
7600;04.03.2023;B2B
7601;04.03.2023;SITE
7602;04.03.2023;B2B
7603;04.03.2023;B2B
7604;04.03.2023;B2B
7605;04.03.2023;B2B
7606;04.03.2023;B2B
7607;04.03.2023;B2B
7608;04.03.2023;B2B
7609;04.03.2023;B2B
7610;04.03.2023;SITE
7611;04.03.2023;SITE
7612;04.03.2023;B2B
7613;04.03.2023;B2B
7614;04.03.2023;B2B
7615;04.03.2023;SITE
7616;04.03.2023;B2B
7617;04.03.2023;SITE
7618;04.03.2023;B2B
7619;04.03.2023;B2B
7620;04.03.2023;B2B
7621;04.03.2023;B2B
7622;04.03.2023;B2B
7623;04.03.2023;B2B
7624;04.03.2023;B2B
7625;04.03.2023;B2B
7626;04.03.2023;B2B
7627;04.03.2023;B2B
7628;04.03.2023;B2B
7629;04.03.2023;B2B
7630;04.03.2023;B2B
7631;04.03.2023;B2B
7632;04.03.2023;SITE
7633;04.03.2023;SITE
7634;04.03.2023;B2B
7635;04.03.2023;SITE
7636;04.03.2023;B2B
7637;04.03.2023;B2B
7638;04.03.2023;B2B
7639;04.03.2023;B2B
7640;04.03.2023;B2B
7641;04.03.2023;B2B
7642;04.03.2023;B2B
7643;04.03.2023;B2B
7644;04.03.2023;B2B
7645;04.03.2023;SITE
7646;04.03.2023;B2B
7647;04.03.2023;B2B
7648;04.03.2023;SITE
7649;04.03.2023;B2B
7650;04.03.2023;B2B
7651;04.03.2023;B2B
7652;04.03.2023;B2B
7653;04.03.2023;B2B
7654;04.03.2023;B2B
7655;04.03.2023;B2B
7656;04.03.2023;B2B
7657;04.03.2023;B2B
7658;04.03.2023;B2B
7659;04.03.2023;B2B
7660;04.03.2023;B2B
7661;04.03.2023;B2B
7662;04.03.2023;B2B
7663;04.03.2023;B2B
7664;04.03.2023;SITE
7665;04.03.2023;B2B
7666;04.03.2023;B2B
7667;04.03.2023;B2B
7668;04.03.2023;B2B
7669;04.03.2023;B2B
7670;04.03.2023;B2B
7671;04.03.2023;SITE
7672;04.03.2023;B2B
7673;04.03.2023;B2B
7674;04.03.2023;B2B
7675;04.03.2023;B2B
7676;04.03.2023;B2B
7677;04.03.2023;B2B
7678;04.03.2023;B2B
7679;04.03.2023;B2B
7680;04.03.2023;B2B
7681;04.03.2023;SITE
7682;04.03.2023;B2B
7683;04.03.2023;SITE
7684;04.03.2023;SITE
7685;04.03.2023;B2B
7686;04.03.2023;B2B
7687;04.03.2023;SITE
7688;04.03.2023;B2B
7689;04.03.2023;B2B
7690;04.03.2023;B2B
7691;04.03.2023;B2B
7692;04.03.2023;B2B
7693;04.03.2023;B2B
7694;04.03.2023;B2B
7695;04.03.2023;B2B
7696;04.03.2023;B2B
7697;04.03.2023;B2B
7698;04.03.2023;B2B
7699;04.03.2023;B2B
7700;04.03.2023;B2B
7701;04.03.2023;B2B
7702;04.03.2023;SITE
7703;04.03.2023;B2B
7704;04.03.2023;B2B
7705;04.03.2023;B2B
7706;04.03.2023;B2B
7707;04.03.2023;SITE
7708;04.03.2023;SITE
7709;04.03.2023;B2B
7710;04.03.2023;B2B
7711;04.03.2023;B2B
7712;04.03.2023;SITE
7713;04.03.2023;SITE
7714;04.03.2023;B2B
7715;04.03.2023;B2B
7716;04.03.2023;SITE
7717;04.03.2023;B2B
7718;04.03.2023;B2B
7719;04.03.2023;B2B
7720;04.03.2023;B2B
7721;04.03.2023;B2B
7722;04.03.2023;B2B
7723;04.03.2023;SITE
7724;04.03.2023;B2B
7725;04.03.2023;B2B
7726;04.03.2023;B2B
7727;04.03.2023;B2B
7728;04.03.2023;B2B
7729;04.03.2023;B2B
7730;04.03.2023;B2B
7731;04.03.2023;B2B
7732;04.03.2023;SITE
7733;04.03.2023;B2B
7734;04.03.2023;SITE
7735;04.03.2023;B2B
7736;04.03.2023;B2B
7737;04.03.2023;B2B
7738;04.03.2023;B2B
7739;04.03.2023;B2B
7740;04.03.2023;B2B
7741;04.03.2023;SITE
7742;04.03.2023;B2B
7743;04.03.2023;B2B
7744;04.03.2023;B2B
7745;04.03.2023;B2B
7746;04.03.2023;B2B
7747;04.03.2023;B2B
7748;04.03.2023;B2B
7749;04.03.2023;B2B
7750;04.03.2023;SITE
7751;04.03.2023;B2B
7752;04.03.2023;B2B
7753;04.03.2023;B2B
7754;04.03.2023;B2B
7755;04.03.2023;SITE
7756;04.03.2023;SITE
7757;04.03.2023;B2B
7758;04.03.2023;SITE
7759;04.03.2023;B2B
7760;04.03.2023;B2B
7761;04.03.2023;B2B
7762;04.03.2023;SITE
7763;04.03.2023;B2B
7764;04.03.2023;B2B
7765;04.03.2023;B2B
7766;04.03.2023;B2B
7767;04.03.2023;B2B
7768;04.03.2023;B2B
7769;04.03.2023;B2B
7770;04.03.2023;B2B
7771;04.03.2023;SITE
7772;04.03.2023;SITE
7773;04.03.2023;B2B
7774;04.03.2023;B2B
7775;04.03.2023;B2B
7776;04.03.2023;B2B
7777;04.03.2023;B2B
7778;04.03.2023;SITE
7779;04.03.2023;B2B
7780;04.03.2023;B2B
7781;04.03.2023;B2B
7782;04.03.2023;B2B
7783;04.03.2023;B2B
7784;04.03.2023;B2B
7785;04.03.2023;B2B
7786;04.03.2023;B2B
7787;04.03.2023;B2B
7788;04.03.2023;B2B
7789;04.03.2023;B2B
7790;04.03.2023;B2B
7791;04.03.2023;B2B
7792;04.03.2023;B2B
7793;04.03.2023;SITE
7794;04.03.2023;B2B
7795;04.03.2023;SITE
7796;04.03.2023;B2B
7797;04.03.2023;B2B
7798;04.03.2023;B2B
7799;04.03.2023;B2B
7800;04.03.2023;SITE
7801;04.03.2023;B2B
7802;04.03.2023;SITE
7803;04.03.2023;SITE
7804;04.03.2023;B2B
7805;04.03.2023;B2B
7806;04.03.2023;B2B
7807;04.03.2023;B2B
7808;04.03.2023;B2B
7809;04.03.2023;B2B
7810;04.03.2023;SITE
7811;04.03.2023;B2B
7812;04.03.2023;SITE
7813;04.03.2023;SITE
7814;04.03.2023;B2B
7815;04.03.2023;SITE
7816;04.03.2023;B2B
7817;04.03.2023;B2B
7818;04.03.2023;B2B
7819;04.03.2023;B2B
7820;04.03.2023;SITE
7821;04.03.2023;B2B
7822;04.03.2023;B2B
7823;04.03.2023;B2B
7824;04.03.2023;B2B
7825;04.03.2023;SITE
7826;04.03.2023;B2B
7827;04.03.2023;SITE
7828;04.03.2023;B2B
7829;04.03.2023;B2B
7830;04.03.2023;B2B
7831;04.03.2023;B2B
7832;04.03.2023;SITE
7833;04.03.2023;B2B
7834;04.03.2023;B2B
7835;04.03.2023;B2B
7836;04.03.2023;B2B
7837;04.03.2023;B2B
7838;04.03.2023;B2B
7839;04.03.2023;B2B
7840;04.03.2023;B2B
7841;04.03.2023;B2B
7842;04.03.2023;B2B
7843;04.03.2023;SITE
7844;04.03.2023;SITE
7845;04.03.2023;B2B
7846;04.03.2023;B2B
7847;04.03.2023;B2B
7848;04.03.2023;SITE
7849;04.03.2023;B2B
7850;04.03.2023;B2B
7851;04.03.2023;SITE
7852;04.03.2023;B2B
7853;04.03.2023;B2B
7854;04.03.2023;SITE
7855;04.03.2023;B2B
7856;04.03.2023;B2B
7857;04.03.2023;SITE
7858;04.03.2023;B2B
7859;04.03.2023;B2B
7860;04.03.2023;B2B
7861;04.03.2023;B2B
7862;04.03.2023;SITE
7863;04.03.2023;B2B
7864;04.03.2023;B2B
7865;04.03.2023;B2B
7866;04.03.2023;B2B
7867;04.03.2023;B2B
7868;04.03.2023;B2B
7869;04.03.2023;SITE
7870;04.03.2023;B2B
7871;04.03.2023;B2B
7872;04.03.2023;B2B
7873;04.03.2023;B2B
7874;04.03.2023;B2B
7875;04.03.2023;B2B
7876;04.03.2023;B2B
7877;04.03.2023;B2B
7878;04.03.2023;B2B
7879;04.03.2023;B2B
7880;04.03.2023;SITE
7881;04.03.2023;B2B
7882;04.03.2023;SITE
7883;04.03.2023;SITE
7884;04.03.2023;SITE
7885;04.03.2023;B2B
7886;04.03.2023;B2B
7887;04.03.2023;B2B
7888;04.03.2023;B2B
7889;04.03.2023;B2B
7890;04.03.2023;B2B
7891;04.03.2023;B2B
7892;04.03.2023;B2B
7893;04.03.2023;B2B
7894;04.03.2023;B2B
7895;04.03.2023;B2B
7896;04.03.2023;B2B
7897;04.03.2023;B2B
7898;04.03.2023;B2B
7899;04.03.2023;B2B
7900;04.03.2023;B2B
7901;04.03.2023;B2B
7902;04.03.2023;B2B
7903;04.03.2023;B2B
7904;04.03.2023;B2B
7905;04.03.2023;B2B
7906;04.03.2023;B2B
7907;04.03.2023;B2B
7908;04.03.2023;B2B
7909;04.03.2023;B2B
7910;04.03.2023;B2B
7911;04.03.2023;B2B
7912;04.03.2023;B2B
7913;04.03.2023;B2B
7914;04.03.2023;B2B
7915;04.03.2023;B2B
7916;04.03.2023;SITE
7917;04.03.2023;B2B
7918;04.03.2023;B2B
7919;04.03.2023;B2B
7920;04.03.2023;B2B
7921;04.03.2023;B2B
7922;04.03.2023;B2B
7923;04.03.2023;B2B
7924;04.03.2023;SITE
7925;04.03.2023;B2B
7926;04.03.2023;SITE
7927;04.03.2023;B2B
7928;04.03.2023;SITE
7929;04.03.2023;B2B
7930;04.03.2023;B2B
7931;04.03.2023;B2B
7932;04.03.2023;SITE
7933;04.03.2023;B2B
7934;04.03.2023;B2B
7935;04.03.2023;B2B
7936;04.03.2023;B2B
7937;04.03.2023;B2B
7938;04.03.2023;B2B
7939;04.03.2023;B2B
7940;04.03.2023;SITE
7941;04.03.2023;B2B
7942;04.03.2023;B2B
7943;04.03.2023;B2B
7944;04.03.2023;B2B
7945;04.03.2023;B2B
7946;04.03.2023;B2B
7947;04.03.2023;B2B
7948;04.03.2023;B2B
7949;04.03.2023;B2B
7950;04.03.2023;SITE
7951;04.03.2023;B2B
7952;04.03.2023;B2B
7953;04.03.2023;SITE
7954;04.03.2023;B2B
7955;04.03.2023;B2B
7956;04.03.2023;B2B
7957;04.03.2023;B2B
7958;04.03.2023;B2B
7959;04.03.2023;B2B
7960;04.03.2023;SITE
7961;04.03.2023;SITE
7962;04.03.2023;B2B
7963;04.03.2023;B2B
7964;04.03.2023;B2B
7965;04.03.2023;B2B
7966;04.03.2023;SITE
7967;04.03.2023;SITE
7968;04.03.2023;B2B
7969;04.03.2023;B2B
7970;04.03.2023;B2B
7971;04.03.2023;B2B
7972;04.03.2023;B2B
7973;04.03.2023;B2B
7974;04.03.2023;SITE
7975;04.03.2023;B2B
7976;04.03.2023;SITE
7977;04.03.2023;B2B
7978;04.03.2023;B2B
7979;04.03.2023;SITE
7980;04.03.2023;SITE
7981;04.03.2023;B2B
7982;04.03.2023;B2B
7983;04.03.2023;B2B
7984;04.03.2023;B2B
7985;04.03.2023;B2B
7986;04.03.2023;B2B
7987;04.03.2023;B2B
7988;04.03.2023;B2B
7989;04.03.2023;B2B
7990;04.03.2023;B2B
7991;04.03.2023;B2B
7992;04.03.2023;SITE
7993;04.03.2023;SITE
7994;04.03.2023;B2B
7995;04.03.2023;B2B
7996;04.03.2023;SITE
7997;04.03.2023;SITE
7998;04.03.2023;B2B
7999;04.03.2023;B2B
8000;04.03.2023;B2B
8001;04.03.2023;SITE
8002;04.03.2023;B2B
8003;04.03.2023;B2B
8004;04.03.2023;B2B
8005;04.03.2023;B2B
8006;04.03.2023;B2B
8007;04.03.2023;B2B
8008;04.03.2023;B2B
8009;04.03.2023;B2B
8010;04.03.2023;B2B
8011;04.03.2023;B2B
8012;04.03.2023;B2B
8013;04.03.2023;B2B
8014;04.03.2023;SITE
8015;04.03.2023;B2B
8016;04.03.2023;B2B
8017;04.03.2023;B2B
8018;04.03.2023;B2B
8019;04.03.2023;SITE
8020;04.03.2023;B2B
8021;04.03.2023;B2B
8022;04.03.2023;B2B
8023;04.03.2023;SITE
8024;04.03.2023;B2B
8025;04.03.2023;SITE
8026;04.03.2023;B2B
8027;04.03.2023;B2B
8028;04.03.2023;B2B
8029;04.03.2023;B2B
8030;04.03.2023;B2B
8031;04.03.2023;B2B
8032;04.03.2023;B2B
8033;04.03.2023;SITE
8034;04.03.2023;B2B
8035;04.03.2023;B2B
8036;04.03.2023;B2B
8037;04.03.2023;SITE
8038;04.03.2023;B2B
8039;04.03.2023;B2B
8040;04.03.2023;SITE
8041;04.03.2023;B2B
8042;04.03.2023;B2B
8043;04.03.2023;B2B
8044;04.03.2023;B2B
8045;04.03.2023;B2B
8046;04.03.2023;B2B
8047;04.03.2023;B2B
8048;04.03.2023;SITE
8049;04.03.2023;B2B
8050;04.03.2023;B2B
8051;04.03.2023;B2B
8052;04.03.2023;B2B
8053;04.03.2023;SITE
8054;04.03.2023;SITE
8055;04.03.2023;B2B
8056;04.03.2023;B2B
8057;04.03.2023;B2B
8058;04.03.2023;B2B
8059;04.03.2023;B2B
8060;04.03.2023;B2B
8061;04.03.2023;B2B
8062;04.03.2023;SITE
8063;04.03.2023;B2B
8064;04.03.2023;B2B
8065;04.03.2023;B2B
8066;04.03.2023;B2B
8067;04.03.2023;B2B
8068;04.03.2023;B2B
8069;04.03.2023;B2B
8070;04.03.2023;SITE
8071;04.03.2023;SITE
8072;04.03.2023;B2B
8073;04.03.2023;B2B
8074;04.03.2023;B2B
8075;04.03.2023;B2B
8076;04.03.2023;B2B
8077;04.03.2023;B2B
8078;04.03.2023;B2B
8079;04.03.2023;B2B
8080;04.03.2023;SITE
8081;04.03.2023;SITE
8082;04.03.2023;SITE
8083;04.03.2023;B2B
8084;04.03.2023;SITE
8085;04.03.2023;SITE
8086;04.03.2023;B2B
8087;04.03.2023;B2B
8088;04.03.2023;B2B
8089;04.03.2023;SITE
8090;04.03.2023;B2B
8091;04.03.2023;B2B
8092;04.03.2023;SITE
8093;04.03.2023;SITE
8094;04.03.2023;SITE
8095;04.03.2023;B2B
8096;04.03.2023;B2B
8097;04.03.2023;B2B
8098;04.03.2023;SITE
8099;04.03.2023;B2B
8100;04.03.2023;B2B
8101;04.03.2023;SITE
8102;04.03.2023;SITE
8103;04.03.2023;B2B
8104;04.03.2023;B2B
8105;04.03.2023;SITE
8106;04.03.2023;B2B
8107;04.03.2023;B2B
8108;04.03.2023;B2B
8109;04.03.2023;SITE
8110;04.03.2023;B2B
8111;04.03.2023;SITE
8112;04.03.2023;B2B
8113;04.03.2023;B2B
8114;04.03.2023;B2B
8115;04.03.2023;B2B
8116;04.03.2023;B2B
8117;04.03.2023;B2B
8118;04.03.2023;B2B
8119;04.03.2023;B2B
8120;04.03.2023;B2B
8121;04.03.2023;B2B
8122;04.03.2023;B2B
8123;04.03.2023;B2B
8124;04.03.2023;B2B
8125;04.03.2023;B2B
8126;04.03.2023;B2B
8127;04.03.2023;B2B
8128;04.03.2023;B2B
8129;04.03.2023;B2B
8130;04.03.2023;B2B
8131;04.03.2023;B2B
8132;04.03.2023;B2B
8133;04.03.2023;B2B
8134;04.03.2023;B2B
8135;04.03.2023;B2B
8136;04.03.2023;SITE
8137;04.03.2023;SITE
8138;04.03.2023;B2B
8139;04.03.2023;B2B
8140;04.03.2023;B2B
8141;04.03.2023;B2B
8142;04.03.2023;B2B
8143;04.03.2023;B2B
8144;04.03.2023;B2B
8145;04.03.2023;B2B
8146;04.03.2023;SITE
8147;04.03.2023;B2B
8148;04.03.2023;B2B
8149;04.03.2023;B2B
8150;04.03.2023;B2B
8151;04.03.2023;B2B
8152;04.03.2023;B2B
8153;04.03.2023;B2B
8154;04.03.2023;SITE
8155;04.03.2023;B2B
8156;04.03.2023;B2B
8157;04.03.2023;B2B
8158;04.03.2023;B2B
8159;04.03.2023;B2B
8160;04.03.2023;B2B
8161;04.03.2023;B2B
8162;04.03.2023;B2B
8163;04.03.2023;SITE
8164;04.03.2023;B2B
8165;04.03.2023;B2B
8166;04.03.2023;B2B
8167;04.03.2023;B2B
8168;04.03.2023;B2B
8169;04.03.2023;B2B
8170;04.03.2023;SITE
8171;04.03.2023;B2B
8172;04.03.2023;B2B
8173;04.03.2023;B2B
8174;04.03.2023;B2B
8175;04.03.2023;B2B
8176;04.03.2023;B2B
8177;04.03.2023;B2B
8178;04.03.2023;SITE
8179;04.03.2023;B2B
8180;04.03.2023;B2B
8181;04.03.2023;B2B
8182;04.03.2023;B2B
8183;04.03.2023;SITE
8184;04.03.2023;B2B
8185;04.03.2023;SITE
8186;04.03.2023;B2B
8187;04.03.2023;B2B
8188;04.03.2023;SITE
8189;04.03.2023;SITE
8190;04.03.2023;B2B
8191;04.03.2023;SITE
8192;04.03.2023;B2B
8193;04.03.2023;SITE
8194;04.03.2023;B2B
8195;04.03.2023;B2B
8196;04.03.2023;B2B
8197;04.03.2023;SITE
8198;04.03.2023;SITE
8199;04.03.2023;B2B
8200;04.03.2023;B2B
8201;04.03.2023;B2B
8202;04.03.2023;B2B
8203;04.03.2023;B2B
8204;04.03.2023;SITE
8205;04.03.2023;B2B
8206;04.03.2023;B2B
8207;04.03.2023;B2B
8208;04.03.2023;B2B
8209;04.03.2023;B2B
8210;04.03.2023;B2B
8211;04.03.2023;B2B
8212;04.03.2023;B2B
8213;04.03.2023;SITE
8214;04.03.2023;B2B
8215;04.03.2023;B2B
8216;04.03.2023;SITE
8217;04.03.2023;SITE
8218;04.03.2023;SITE
8219;04.03.2023;SITE
8220;04.03.2023;B2B
8221;04.03.2023;B2B
8222;04.03.2023;B2B
8223;04.03.2023;B2B
8224;04.03.2023;B2B
8225;04.03.2023;B2B
8226;04.03.2023;SITE
8227;04.03.2023;B2B
8228;04.03.2023;B2B
8229;04.03.2023;B2B
8230;04.03.2023;B2B
8231;04.03.2023;SITE
8232;04.03.2023;B2B
8233;04.03.2023;B2B
8234;04.03.2023;B2B
8235;04.03.2023;B2B
8236;04.03.2023;SITE
8237;04.03.2023;B2B
8238;04.03.2023;B2B
8239;04.03.2023;B2B
8240;04.03.2023;B2B
8241;04.03.2023;B2B
8242;04.03.2023;B2B
8243;04.03.2023;SITE
8244;04.03.2023;B2B
8245;04.03.2023;B2B
8246;04.03.2023;B2B
8247;04.03.2023;B2B
8248;04.03.2023;B2B
8249;04.03.2023;B2B
8250;04.03.2023;B2B
8251;04.03.2023;B2B
8252;04.03.2023;B2B
8253;04.03.2023;B2B
8254;04.03.2023;B2B
8255;04.03.2023;SITE
8256;04.03.2023;B2B
8257;04.03.2023;SITE
8258;04.03.2023;B2B
8259;04.03.2023;B2B
8260;04.03.2023;B2B
8261;04.03.2023;B2B
8262;04.03.2023;B2B
8263;04.03.2023;B2B
8264;04.03.2023;B2B
8265;04.03.2023;B2B
8266;04.03.2023;B2B
8267;04.03.2023;B2B
8268;04.03.2023;B2B
8269;04.03.2023;B2B
8270;04.03.2023;B2B
8271;04.03.2023;B2B
8272;04.03.2023;B2B
8273;04.03.2023;B2B
8274;04.03.2023;B2B
8275;04.03.2023;B2B
8276;04.03.2023;B2B
8277;04.03.2023;B2B
8278;04.03.2023;B2B
8279;04.03.2023;B2B
8280;04.03.2023;B2B
8281;04.03.2023;SITE
8282;04.03.2023;B2B
8283;04.03.2023;B2B
8284;04.03.2023;B2B
8285;04.03.2023;B2B
8286;04.03.2023;B2B
8287;04.03.2023;B2B
8288;04.03.2023;B2B
8289;04.03.2023;SITE
8290;04.03.2023;B2B
8291;04.03.2023;B2B
8292;04.03.2023;B2B
8293;04.03.2023;B2B
8294;04.03.2023;B2B
8295;04.03.2023;B2B
8296;04.03.2023;B2B
8297;04.03.2023;B2B
8298;04.03.2023;B2B
8299;04.03.2023;B2B
8300;04.03.2023;B2B
8301;04.03.2023;B2B
8302;04.03.2023;B2B
8303;04.03.2023;B2B
8304;04.03.2023;B2B
8305;04.03.2023;B2B
8306;04.03.2023;SITE
8307;04.03.2023;B2B
